Date,Value
 2025-06-25,17.7325
 2025-06-24,17.7334
 2025-06-23,18.0514
 2025-06-20,18.0280
 2025-06-19,18.0393
 2025-06-18,18.0225
 2025-06-17,17.8262
 2025-06-13,17.9451
 2025-06-12,17.8574
 2025-06-11,17.7140
 2025-06-10,17.7421
 2025-06-09,17.7050
 2025-06-06,17.7727
 2025-06-05,17.7783
 2025-06-04,17.7988
 2025-06-03,17.8630
 2025-06-02,17.8890
 2025-05-30,17.8463
 2025-05-29,17.9630
 2025-05-28,17.9276
 2025-05-27,17.9228
 2025-05-26,17.8790
 2025-05-23,17.9148
 2025-05-22,17.9566
 2025-05-21,17.8870
 2025-05-20,18.0581
 2025-05-19,17.9964
 2025-05-16,18.0516
 2025-05-15,18.2293
 2025-05-14,18.2164
 2025-05-13,18.3036
 2025-05-12,18.2452
 2025-05-09,18.1779
 2025-05-08,18.2649
 2025-05-07,18.2817
 2025-05-06,18.2265
 2025-05-05,18.3441
 2025-05-02,18.4730
 2025-04-30,18.6325
 2025-04-29,18.5434
 2025-04-25,18.8032
 2025-04-24,18.6355
 2025-04-23,18.5043
 2025-04-22,18.6213
 2025-04-17,18.8727
 2025-04-16,18.8717
 2025-04-15,18.7845
 2025-04-14,18.8802
 2025-04-11,19.3565
 2025-04-10,19.4783
 2025-04-09,19.6910
 2025-04-08,19.4843
 2025-04-07,19.3672
 2025-04-04,19.0919
 2025-04-03,18.8850
 2025-04-02,18.5232
 2025-04-01,18.3673
 2025-03-31,18.2953
 2025-03-28,18.1883
 2025-03-27,18.2448
 2025-03-26,18.2296
 2025-03-25,18.2807
 2025-03-24,18.1929
 2025-03-20,18.1741
 2025-03-19,18.2301
 2025-03-18,18.0167
 2025-03-17,18.2141
 2025-03-14,18.1979
 2025-03-13,18.3677
 2025-03-12,18.3330
 2025-03-11,18.2985
 2025-03-10,18.3008
 2025-03-07,18.0809
 2025-03-06,18.3625
 2025-03-05,18.4178
 2025-03-04,18.5851
 2025-03-03,18.6964
 2025-02-28,18.5065
 2025-02-27,18.4760
 2025-02-26,18.3932
 2025-02-25,18.4076
 2025-02-24,18.4126
 2025-02-21,18.3322
 2025-02-20,18.4936
 2025-02-19,18.3482
 2025-02-18,18.4185
 2025-02-17,18.4492
 2025-02-14,18.3904
 2025-02-13,18.4975
 2025-02-12,18.4659
 2025-02-11,18.4748
 2025-02-10,18.5127
 2025-02-07,18.4284
 2025-02-06,18.6486
 2025-02-05,18.6186
 2025-02-04,18.7445
 2025-02-03,18.9288
 2025-01-31,18.5910
 2025-01-30,18.5035
 2025-01-29,18.6853
 2025-01-28,18.7954
 2025-01-27,18.5834
 2025-01-24,18.3118
 2025-01-23,18.5616
 2025-01-22,18.5225
 2025-01-21,18.6536
 2025-01-20,18.6647
 2025-01-17,18.7264
 2025-01-16,18.8354
 2025-01-15,18.8891
 2025-01-14,18.9555
 2025-01-13,19.1692
 2025-01-10,18.9368
 2025-01-09,18.9325
 2025-01-08,18.8079
 2025-01-07,18.6119
 2025-01-06,18.6713
 2025-01-03,18.7730
 2025-01-02,18.7604
 2024-12-31,18.7115
 2024-12-30,18.7563
 2024-12-27,18.7921
 2024-12-24,18.5664
 2024-12-23,18.3854
 2024-12-20,18.3414
 2024-12-19,18.2783
 2024-12-18,18.0820
 2024-12-17,17.9548
 2024-12-13,17.8176
 2024-12-12,17.6702
 2024-12-11,17.8761
 2024-12-10,17.8387
 2024-12-09,17.9070
 2024-12-06,18.0388
 2024-12-05,18.0679
 2024-12-04,18.1583
 2024-12-03,18.0760
 2024-12-02,18.1577
 2024-11-29,18.0419
 2024-11-28,18.2506
 2024-11-27,18.1141
 2024-11-26,18.1489
 2024-11-25,18.1020
 2024-11-22,18.0286
 2024-11-21,18.1701
 2024-11-20,18.1036
 2024-11-19,17.9634
 2024-11-18,18.1313
 2024-11-15,18.2358
 2024-11-14,18.2463
 2024-11-13,18.1062
 2024-11-12,18.0964
 2024-11-11,17.6606
 2024-11-08,17.4264
 2024-11-07,17.5137
 2024-11-06,17.6481
 2024-11-05,17.4628
 2024-11-04,17.5335
 2024-11-01,17.6574
 2024-10-31,17.7454
 2024-10-30,17.5476
 2024-10-29,17.7071
 2024-10-28,17.6546
 2024-10-25,17.6735
 2024-10-24,17.6675
 2024-10-23,17.5879
 2024-10-22,17.5731
 2024-10-21,17.6347
 2024-10-18,17.5930
 2024-10-17,17.7147
 2024-10-16,17.6138
 2024-10-15,17.6344
 2024-10-14,17.4613
 2024-10-11,17.4565
 2024-10-10,17.5953
 2024-10-09,17.6375
 2024-10-08,17.5272
 2024-10-07,17.3948
 2024-10-04,17.4904
 2024-10-03,17.3279
 2024-10-02,17.3833
 2024-10-01,17.2789
 2024-09-30,17.1136
 2024-09-27,17.1564
 2024-09-26,17.1860
 2024-09-25,17.2379
 2024-09-23,17.4053
 2024-09-20,17.5715
 2024-09-19,17.4670
 2024-09-18,17.5528
 2024-09-17,17.6419
 2024-09-16,17.6494
 2024-09-13,17.7564
 2024-09-12,17.9737
 2024-09-11,17.8620
 2024-09-10,17.9271
 2024-09-09,17.9356
 2024-09-06,17.7112
 2024-09-05,17.7627
 2024-09-04,17.9413
 2024-09-03,17.8829
 2024-09-02,17.8950
 2024-08-30,17.6113
 2024-08-29,17.7252
 2024-08-28,17.7755
 2024-08-27,17.7670
 2024-08-26,17.8050
 2024-08-23,17.9553
 2024-08-22,17.9185
 2024-08-21,17.8526
 2024-08-20,17.7933
 2024-08-19,17.7984
 2024-08-16,17.9446
 2024-08-15,18.0194
 2024-08-14,18.0858
 2024-08-13,18.1937
 2024-08-12,18.2456
 2024-08-08,18.3673
 2024-08-07,18.3512
 2024-08-06,18.4979
 2024-08-05,18.4953
 2024-08-02,18.2067
 2024-08-01,18.2555
 2024-07-31,18.2703
 2024-07-30,18.3149
 2024-07-29,18.3702
 2024-07-26,18.2658
 2024-07-25,18.5085
 2024-07-24,18.3816
 2024-07-23,18.3809
 2024-07-22,18.2516
 2024-07-19,18.3500
 2024-07-18,18.1760
 2024-07-17,18.1673
 2024-07-16,18.1744
 2024-07-15,18.0630
 2024-07-12,17.9533
 2024-07-11,18.0810
 2024-07-10,18.0876
 2024-07-09,18.0916
 2024-07-08,18.1531
 2024-07-05,18.2022
 2024-07-04,18.3502
 2024-07-03,18.4931
 2024-07-02,18.4464
 2024-07-01,18.3232
 2024-06-28,18.2138
 2024-06-27,18.3166
 2024-06-26,18.2727
 2024-06-25,18.1416
 2024-06-24,18.0766
 2024-06-21,17.9574
 2024-06-20,18.1006
 2024-06-19,17.9668
 2024-06-18,18.1888
 2024-06-14,18.3748
 2024-06-13,18.4154
 2024-06-12,18.5517
 2024-06-11,18.6746
 2024-06-10,18.7813
 2024-06-07,18.8447
 2024-06-06,18.9072
 2024-06-05,18.8029
 2024-06-04,18.7345
 2024-06-03,18.6978
 2024-05-31,18.8538
 2024-05-30,18.6982
 2024-05-28,18.3762
 2024-05-27,18.4286
 2024-05-24,18.4186
 2024-05-23,18.3669
 2024-05-22,18.1871
 2024-05-21,18.1951
 2024-05-20,18.1335
 2024-05-17,18.2194
 2024-05-16,18.2314
 2024-05-15,18.3385
 2024-05-14,18.4415
 2024-05-13,18.3984
 2024-05-10,18.4012
 2024-05-09,18.5430
 2024-05-08,18.5895
 2024-05-07,18.4723
 2024-05-06,18.4657
 2024-05-03,18.5622
 2024-05-02,18.5663
 2024-04-30,18.7061
 2024-04-29,18.7970
 2024-04-26,18.9895
 2024-04-25,19.0830
 2024-04-24,19.1262
 2024-04-23,19.1992
 2024-04-22,19.0886
 2024-04-19,19.2467
 2024-04-18,19.0337
 2024-04-17,18.9641
 2024-04-16,19.1086
 2024-04-15,18.8782
 2024-04-12,18.6866
 2024-04-11,18.8005
 2024-04-10,18.5726
 2024-04-09,18.5259
 2024-04-08,18.6186
 2024-04-05,18.6668
 2024-04-04,18.6154
 2024-04-03,18.8532
 2024-04-02,18.8384
 2024-03-28,18.9926
 2024-03-27,18.9455
 2024-03-26,18.9041
 2024-03-25,19.0001
 2024-03-22,18.9907
 2024-03-20,18.9522
 2024-03-19,19.0145
 2024-03-18,18.7722
 2024-03-15,18.6815
 2024-03-14,18.6221
 2024-03-13,18.6934
 2024-03-12,18.6281
 2024-03-11,18.6958
 2024-03-08,18.6616
 2024-03-07,18.7824
 2024-03-06,18.8893
 2024-03-05,19.0608
 2024-03-04,19.0268
 2024-03-01,19.2279
 2024-02-29,19.2155
 2024-02-28,19.1936
 2024-02-27,19.2436
 2024-02-26,19.3231
 2024-02-23,19.2452
 2024-02-22,18.8540
 2024-02-21,18.8877
 2024-02-20,19.0681
 2024-02-19,18.8900
 2024-02-16,18.8852
 2024-02-15,18.9991
 2024-02-14,19.1781
 2024-02-13,18.8435
 2024-02-12,18.9877
 2024-02-09,19.0113
 2024-02-08,18.9691
 2024-02-07,18.8512
 2024-02-06,18.9457
 2024-02-05,18.9563
 2024-02-02,18.6340
 2024-02-01,18.7164
 2024-01-31,18.7063
 2024-01-30,18.8637
 2024-01-29,18.7665
 2024-01-26,18.9156
 2024-01-25,18.8946
 2024-01-24,18.8663
 2024-01-23,19.0983
 2024-01-22,19.1444
 2024-01-19,18.9904
 2024-01-18,19.0050
 2024-01-17,19.0093
 2024-01-16,18.8547
 2024-01-15,18.6730
 2024-01-12,18.5818
 2024-01-11,18.6279
 2024-01-10,18.6495
 2024-01-09,18.6387
 2024-01-08,18.8003
 2024-01-05,18.7906
 2024-01-04,18.6562
 2024-01-03,18.5803
 2024-01-02,18.3500
 2023-12-29,18.5826
 2023-12-28,18.4346
 2023-12-27,18.4914
 2023-12-22,18.4175
 2023-12-21,18.2240
 2023-12-20,18.2888
 2023-12-19,18.5484
 2023-12-18,18.3211
 2023-12-14,18.6113
 2023-12-13,19.0734
 2023-12-12,19.0304
 2023-12-11,19.0689
 2023-12-08,18.8313
 2023-12-07,18.9462
 2023-12-06,18.9274
 2023-12-05,18.8235
 2023-12-04,18.6990
 2023-12-01,18.8143
 2023-11-30,18.7328
 2023-11-29,18.5316
 2023-11-28,18.6845
 2023-11-27,18.8238
 2023-11-24,18.8957
 2023-11-23,18.7675
 2023-11-22,18.7665
 2023-11-21,18.3052
 2023-11-20,18.3842
 2023-11-17,18.3840
 2023-11-16,18.1758
 2023-11-15,18.1751
 2023-11-14,18.7548
 2023-11-13,18.6871
 2023-11-10,18.6541
 2023-11-09,18.6079
 2023-11-08,18.4134
 2023-11-07,18.3486
 2023-11-06,18.1891
 2023-11-03,18.4397
 2023-11-02,18.4389
 2023-11-01,18.7316
 2023-10-31,18.8016
 2023-10-30,18.8477
 2023-10-27,18.8845
 2023-10-26,19.1819
 2023-10-25,19.0937
 2023-10-24,18.9863
 2023-10-23,19.0807
 2023-10-20,19.1057
 2023-10-19,19.1065
 2023-10-18,18.7548
 2023-10-17,18.7923
 2023-10-16,18.9005
 2023-10-13,18.9642
 2023-10-12,18.8253
 2023-10-11,18.9271
 2023-10-10,19.1573
 2023-10-09,19.3678
 2023-10-06,19.4202
 2023-10-05,19.4553
 2023-10-04,19.3250
 2023-10-03,19.2227
 2023-10-02,18.9655
 2023-09-29,18.7840
 2023-09-28,19.2105
 2023-09-27,19.0522
 2023-09-26,18.8299
 2023-09-22,18.8488
 2023-09-21,18.8225
 2023-09-20,18.9406
 2023-09-19,18.9623
 2023-09-18,19.0162
 2023-09-15,19.0481
 2023-09-14,18.8964
 2023-09-13,18.9205
 2023-09-12,18.8974
 2023-09-11,18.8866
 2023-09-08,19.1072
 2023-09-07,19.2588
 2023-09-06,19.2574
 2023-09-05,19.2291
 2023-09-04,18.8264
 2023-09-01,18.7612
 2023-08-31,18.6870
 2023-08-30,18.5753
 2023-08-29,18.4811
 2023-08-28,18.6976
 2023-08-25,18.6564
 2023-08-24,18.6003
 2023-08-23,18.7366
 2023-08-22,18.8288
 2023-08-21,19.0710
 2023-08-18,19.0725
 2023-08-17,19.1627
 2023-08-16,19.0333
 2023-08-15,19.2499
 2023-08-14,18.9699
 2023-08-11,18.8743
 2023-08-10,18.7930
 2023-08-08,18.7920
 2023-08-07,18.5930
 2023-08-04,18.6850
 2023-08-03,18.6493
 2023-08-02,18.3776
 2023-08-01,18.0800
 2023-07-31,17.7117
 2023-07-28,17.8692
 2023-07-27,17.4946
 2023-07-26,17.6488
 2023-07-25,17.7103
 2023-07-24,18.0290
 2023-07-21,17.9560
 2023-07-20,17.7673
 2023-07-19,17.8435
 2023-07-18,17.9507
 2023-07-17,18.0381
 2023-07-14,18.0212
 2023-07-13,18.0317
 2023-07-12,18.4797
 2023-07-11,18.6660
 2023-07-10,18.7796
 2023-07-07,19.0764
 2023-07-06,18.8717
 2023-07-05,18.7475
 2023-07-04,18.6989
 2023-07-03,18.7255
 2023-06-30,18.9237
 2023-06-29,18.6881
 2023-06-28,18.6692
 2023-06-27,18.5001
 2023-06-26,18.6639
 2023-06-23,18.6313
 2023-06-22,18.3344
 2023-06-21,18.3266
 2023-06-20,18.1404
 2023-06-19,18.1639
 2023-06-15,18.3303
 2023-06-14,18.5134
 2023-06-13,18.6557
 2023-06-12,18.6442
 2023-06-09,18.8235
 2023-06-08,18.9630
 2023-06-07,19.1543
 2023-06-06,19.2197
 2023-06-05,19.3505
 2023-06-02,19.5325
 2023-06-01,19.8618
 2023-05-31,19.7754
 2023-05-30,19.7773
 2023-05-29,19.7182
 2023-05-26,19.7446
 2023-05-25,19.3032
 2023-05-24,19.2015
 2023-05-23,19.2486
 2023-05-22,19.3112
 2023-05-19,19.3487
 2023-05-18,19.4532
 2023-05-17,19.1906
 2023-05-16,19.1078
 2023-05-15,19.0250
 2023-05-12,19.3767
 2023-05-11,18.9363
 2023-05-10,18.7662
 2023-05-09,18.4130
 2023-05-08,18.3237
 2023-05-05,18.3544
 2023-05-04,18.2713
 2023-05-03,18.3746
 2023-05-02,18.4292
 2023-04-28,18.4303
 2023-04-26,18.2813
 2023-04-25,18.2179
 2023-04-24,18.1616
 2023-04-21,18.0983
 2023-04-20,18.1901
 2023-04-19,18.2770
 2023-04-18,18.2393
 2023-04-17,18.1459
 2023-04-14,18.1129
 2023-04-13,18.2601
 2023-04-12,18.4256
 2023-04-11,18.3474
 2023-04-06,18.1575
 2023-04-05,17.9286
 2023-04-04,17.8028
 2023-04-03,17.9478
 2023-03-31,17.8139
 2023-03-30,18.0836
 2023-03-29,18.1442
 2023-03-28,18.2859
 2023-03-27,18.3017
 2023-03-24,18.1647
 2023-03-23,18.1280
 2023-03-22,18.5316
 2023-03-20,18.5427
 2023-03-17,18.3149
 2023-03-16,18.3496
 2023-03-15,18.2294
 2023-03-14,18.2052
 2023-03-13,18.1428
 2023-03-10,18.4585
 2023-03-09,18.6267
 2023-03-08,18.6706
 2023-03-07,18.2798
 2023-03-06,18.1994
 2023-03-03,18.1537
 2023-03-02,18.1847
 2023-03-01,18.1575
 2023-02-28,18.4803
 2023-02-27,18.3413
 2023-02-24,18.3090
 2023-02-23,18.3119
 2023-02-22,18.3646
 2023-02-21,18.2314
 2023-02-20,18.0367
 2023-02-17,18.2712
 2023-02-16,18.0048
 2023-02-15,17.9856
 2023-02-14,17.8519
 2023-02-13,17.9937
 2023-02-10,17.7503
 2023-02-09,17.7007
 2023-02-08,17.5344
 2023-02-07,17.6448
 2023-02-06,17.5008
 2023-02-03,17.1455
 2023-02-02,17.0461
 2023-02-01,17.3973
 2023-01-31,17.4258
 2023-01-30,17.2394
 2023-01-27,17.2577
 2023-01-26,17.0717
 2023-01-25,17.2392
 2023-01-24,17.2554
 2023-01-23,17.1946
 2023-01-20,17.2468
 2023-01-19,17.1477
 2023-01-18,16.9614
 2023-01-17,17.1099
 2023-01-16,17.0182
 2023-01-13,16.7265
 2023-01-12,16.8930
 2023-01-11,17.0365
 2023-01-10,16.9657
 2023-01-09,17.0166
 2023-01-06,17.1939
 2023-01-05,16.9791
 2023-01-04,16.8215
 2023-01-03,17.0707
 2022-12-30,16.9831
 2022-12-29,17.0157
 2022-12-28,17.1979
 2022-12-23,17.1140
 2022-12-22,17.1493
 2022-12-21,17.2949
 2022-12-20,17.3293
 2022-12-19,17.4547
 2022-12-15,17.3492
 2022-12-14,17.1786
 2022-12-13,17.6174
 2022-12-12,17.4977
 2022-12-09,17.1610
 2022-12-08,17.2011
 2022-12-07,17.3465
 2022-12-06,17.3461
 2022-12-05,17.2587
 2022-12-02,17.5034
 2022-12-01,17.3840
 2022-11-30,16.9746
 2022-11-29,17.0004
 2022-11-28,17.1143
 2022-11-25,17.0837
 2022-11-24,16.9632
 2022-11-23,17.2297
 2022-11-22,17.2940
 2022-11-21,17.3683
 2022-11-18,17.3890
 2022-11-17,17.2469
 2022-11-16,17.2922
 2022-11-15,17.2350
 2022-11-14,17.2653
 2022-11-11,17.2798
 2022-11-10,17.7756
 2022-11-09,17.6668
 2022-11-08,17.7721
 2022-11-07,17.8789
 2022-11-04,18.2961
 2022-11-03,18.3669
 2022-11-02,18.1238
 2022-11-01,18.1655
 2022-10-31,18.3075
 2022-10-28,18.1019
 2022-10-27,17.9907
 2022-10-26,18.0301
 2022-10-25,18.4557
 2022-10-24,18.3241
 2022-10-21,18.3618
 2022-10-20,18.3382
 2022-10-19,18.1674
 2022-10-18,18.0170
 2022-10-17,18.1931
 2022-10-14,18.1708
 2022-10-13,18.3614
 2022-10-12,18.1774
 2022-10-11,18.1006
 2022-10-10,18.2334
 2022-10-07,17.9767
 2022-10-06,17.8335
 2022-10-05,17.7343
 2022-10-04,17.7405
 2022-10-03,18.0045
 2022-09-30,17.8937
 2022-09-29,18.0226
 2022-09-28,18.1596
 2022-09-27,17.9544
 2022-09-26,18.0671
 2022-09-23,17.7755
 2022-09-22,17.6570
 2022-09-21,17.7225
 2022-09-20,17.6711
 2022-09-19,17.7440
 2022-09-16,17.6550
 2022-09-15,17.4757
 2022-09-14,17.3835
 2022-09-13,17.0438
 2022-09-12,17.1059
 2022-09-09,17.2840
 2022-09-08,17.3426
 2022-09-07,17.3675
 2022-09-06,17.1297
 2022-09-05,17.3256
 2022-09-02,17.3139
 2022-09-01,17.1363
 2022-08-31,17.0250
 2022-08-30,16.7849
 2022-08-29,16.9340
 2022-08-26,16.8291
 2022-08-25,16.8570
 2022-08-24,17.0391
 2022-08-23,17.0350
 2022-08-22,17.0619
 2022-08-19,16.8918
 2022-08-18,16.7221
 2022-08-17,16.4668
 2022-08-16,16.4718
 2022-08-15,16.3237
 2022-08-12,16.1698
 2022-08-11,16.2519
 2022-08-10,16.5632
 2022-08-08,16.7056
 2022-08-05,16.5781
 2022-08-04,16.7791
 2022-08-03,16.6913
 2022-08-02,16.4792
 2022-08-01,16.4870
 2022-07-29,16.5087
 2022-07-28,16.6962
 2022-07-27,16.8511
 2022-07-26,16.7122
 2022-07-25,16.8119
 2022-07-22,17.0160
 2022-07-21,17.2318
 2022-07-20,17.1384
 2022-07-19,17.0267
 2022-07-18,16.9801
 2022-07-15,17.2362
 2022-07-14,17.0374
 2022-07-13,17.0117
 2022-07-12,17.1309
 2022-07-11,16.9723
 2022-07-08,16.8419
 2022-07-07,16.7918
 2022-07-06,16.6949
 2022-07-05,16.4111
 2022-07-04,16.3523
 2022-07-01,16.3482
 2022-06-30,16.2511
 2022-06-29,16.1338
 2022-06-28,15.8761
 2022-06-27,15.8247
 2022-06-24,15.9334
 2022-06-23,16.0061
 2022-06-22,16.0044
 2022-06-21,15.9199
 2022-06-20,16.0371
 2022-06-17,15.9196
 2022-06-15,16.0013
 2022-06-14,16.0920
 2022-06-13,16.0474
 2022-06-10,15.4804
 2022-06-09,15.2030
 2022-06-08,15.3476
 2022-06-07,15.4189
 2022-06-06,15.3608
 2022-06-03,15.4117
 2022-06-02,15.5202
 2022-06-01,15.5338
 2022-05-31,15.5455
 2022-05-30,15.5162
 2022-05-27,15.6402
 2022-05-26,15.7280
 2022-05-25,15.6571
 2022-05-24,15.7668
 2022-05-23,15.8356
 2022-05-20,15.8428
 2022-05-19,16.0444
 2022-05-18,15.9475
 2022-05-17,16.0470
 2022-05-16,16.2448
 2022-05-13,16.0337
 2022-05-12,16.2215
 2022-05-11,16.0530
 2022-05-10,16.1257
 2022-05-09,16.1691
 2022-05-06,16.0525
 2022-05-05,15.6313
 2022-05-04,15.8516
 2022-05-03,16.0312
 2022-04-29,15.8889
 2022-04-28,15.8762
 2022-04-26,15.7413
 2022-04-25,15.6410
 2022-04-22,15.4949
 2022-04-21,15.1976
 2022-04-20,15.0687
 2022-04-19,14.7084
 2022-04-14,14.6483
 2022-04-13,14.4560
 2022-04-12,14.5524
 2022-04-11,14.6230
 2022-04-08,14.7138
 2022-04-07,14.7201
 2022-04-06,14.6638
 2022-04-05,14.5410
 2022-04-04,14.5838
 2022-04-01,14.5810
 2022-03-31,14.4705
 2022-03-30,14.4699
 2022-03-29,14.6888
 2022-03-28,14.5392
 2022-03-25,14.5430
 2022-03-24,14.7658
 2022-03-23,14.8161
 2022-03-22,14.8844
 2022-03-18,14.9391
 2022-03-17,14.9188
 2022-03-16,15.0519
 2022-03-15,15.1058
 2022-03-14,15.1160
 2022-03-11,15.0824
 2022-03-10,15.0810
 2022-03-09,15.1549
 2022-03-08,15.2774
 2022-03-07,15.3949
 2022-03-04,15.2827
 2022-03-03,15.3101
 2022-03-02,15.4697
 2022-03-01,15.2996
 2022-02-28,15.4488
 2022-02-25,15.3260
 2022-02-24,15.2660
 2022-02-23,15.0188
 2022-02-22,15.1860
 2022-02-21,15.1015
 2022-02-18,14.9354
 2022-02-17,15.0097
 2022-02-16,15.0599
 2022-02-15,15.0040
 2022-02-14,15.1965
 2022-02-11,15.1005
 2022-02-10,15.1408
 2022-02-09,15.3338
 2022-02-08,15.5402
 2022-02-07,15.4590
 2022-02-04,15.2606
 2022-02-03,15.3907
 2022-02-02,15.2444
 2022-02-01,15.2809
 2022-01-31,15.5519
 2022-01-28,15.4935
 2022-01-27,15.3196
 2022-01-26,15.1590
 2022-01-25,15.3214
 2022-01-24,15.1448
 2022-01-21,15.1567
 2022-01-20,15.2490
 2022-01-19,15.4538
 2022-01-18,15.4500
 2022-01-17,15.3867
 2022-01-14,15.3200
 2022-01-13,15.2888
 2022-01-12,15.4829
 2022-01-11,15.5822
 2022-01-10,15.6629
 2022-01-07,15.7000
 2022-01-06,15.9038
 2022-01-05,15.9978
 2022-01-04,15.9108
 2022-01-03,15.8667
 2021-12-31,15.8899
 2021-12-30,15.9757
 2021-12-29,15.7438
 2021-12-28,15.5657
 2021-12-24,15.6357
 2021-12-23,15.7546
 2021-12-22,15.8433
 2021-12-21,15.7976
 2021-12-20,15.8330
 2021-12-17,15.8767
 2021-12-15,16.1452
 2021-12-14,16.0029
 2021-12-13,15.9357
 2021-12-10,16.0345
 2021-12-09,15.7129
 2021-12-08,15.8452
 2021-12-07,15.9067
 2021-12-06,15.9816
 2021-12-03,16.0342
 2021-12-02,15.9299
 2021-12-01,15.8403
 2021-11-30,16.1259
 2021-11-29,16.1446
 2021-11-26,16.3190
 2021-11-25,15.8324
 2021-11-24,15.8218
 2021-11-23,15.8706
 2021-11-22,15.7408
 2021-11-19,15.6168
 2021-11-18,15.5338
 2021-11-17,15.4629
 2021-11-16,15.2169
 2021-11-15,15.2329
 2021-11-12,15.3157
 2021-11-11,15.4506
 2021-11-10,15.0427
 2021-11-09,14.9395
 2021-11-08,15.0333
 2021-11-05,15.2901
 2021-11-04,15.2595
 2021-11-03,15.3363
 2021-11-02,15.3667
 2021-10-29,15.2746
 2021-10-28,15.1399
 2021-10-27,14.9755
 2021-10-26,14.7038
 2021-10-25,14.7582
 2021-10-22,14.6151
 2021-10-21,14.4914
 2021-10-20,14.4943
 2021-10-19,14.5908
 2021-10-18,14.7218
 2021-10-15,14.6865
 2021-10-14,14.7195
 2021-10-13,14.8837
 2021-10-12,15.0142
 2021-10-11,14.9594
 2021-10-08,14.9389
 2021-10-07,14.9195
 2021-10-06,15.1718
 2021-10-05,15.0280
 2021-10-04,14.9799
 2021-10-01,15.0323
 2021-09-30,15.1360
 2021-09-29,15.0304
 2021-09-28,15.0546
 2021-09-27,15.0380
 2021-09-23,14.6646
 2021-09-22,14.7729
 2021-09-21,14.7524
 2021-09-20,14.7972
 2021-09-17,14.6129
 2021-09-16,14.5068
 2021-09-15,14.2955
 2021-09-14,14.1664
 2021-09-13,14.1899
 2021-09-10,14.0946
 2021-09-09,14.1393
 2021-09-08,14.3348
 2021-09-07,14.3038
 2021-09-06,14.2647
 2021-09-03,14.4109
 2021-09-02,14.3228
 2021-09-01,14.4419
 2021-08-31,14.5371
 2021-08-30,14.6600
 2021-08-27,14.9042
 2021-08-26,14.9500
 2021-08-25,14.9299
 2021-08-24,15.1542
 2021-08-23,15.2842
 2021-08-20,15.3530
 2021-08-19,15.1620
 2021-08-18,14.9022
 2021-08-17,14.8828
 2021-08-16,14.7561
 2021-08-13,14.8380
 2021-08-12,14.6961
 2021-08-11,14.8332
 2021-08-10,14.7850
 2021-08-06,14.5415
 2021-08-05,14.3890
 2021-08-04,14.2661
 2021-08-03,14.3188
 2021-08-02,14.5165
 2021-07-30,14.5593
 2021-07-29,14.6582
 2021-07-28,14.8094
 2021-07-27,14.9312
 2021-07-26,14.9691
 2021-07-23,14.7561
 2021-07-22,14.5493
 2021-07-21,14.7097
 2021-07-20,14.5520
 2021-07-19,14.4782
 2021-07-16,14.4485
 2021-07-15,14.5185
 2021-07-14,14.7381
 2021-07-13,14.4932
 2021-07-12,14.3448
 2021-07-09,14.2773
 2021-07-08,14.4057
 2021-07-07,14.3567
 2021-07-06,14.2376
 2021-07-05,14.2423
 2021-07-02,14.4582
 2021-07-01,14.2968
 2021-06-30,14.3073
 2021-06-29,14.3303
 2021-06-28,14.2706
 2021-06-25,14.1637
 2021-06-24,14.2661
 2021-06-23,14.1554
 2021-06-22,14.3369
 2021-06-21,14.3600
 2021-06-18,14.0811
 2021-06-17,14.0211
 2021-06-15,13.7491
 2021-06-14,13.7541
 2021-06-11,13.5667
 2021-06-10,13.6924
 2021-06-09,13.5425
 2021-06-08,13.5994
 2021-06-07,13.4949
 2021-06-04,13.6629
 2021-06-03,13.5237
 2021-06-02,13.7703
 2021-06-01,13.7467
 2021-05-31,13.7404
 2021-05-28,13.8194
 2021-05-27,13.6843
 2021-05-26,13.8295
 2021-05-25,13.8520
 2021-05-24,13.9829
 2021-05-21,13.9859
 2021-05-20,14.0726
 2021-05-19,14.0385
 2021-05-18,14.0137
 2021-05-17,14.1564
 2021-05-14,14.1485
 2021-05-13,14.0867
 2021-05-12,13.9845
 2021-05-11,14.0095
 2021-05-10,13.9915
 2021-05-07,14.2393
 2021-05-06,14.3160
 2021-05-05,14.4652
 2021-05-04,14.4599
 2021-05-03,14.4599
 2021-04-30,14.3799
 2021-04-29,14.1969
 2021-04-28,14.3979
 2021-04-26,14.2300
 2021-04-23,14.2938
 2021-04-22,14.2731
 2021-04-21,14.3161
 2021-04-20,14.2599
 2021-04-19,14.1769
 2021-04-16,14.2549
 2021-04-15,14.3448
 2021-04-14,14.5223
 2021-04-13,14.5542
 2021-04-12,14.6420
 2021-04-09,14.5894
 2021-04-08,14.4932
 2021-04-07,14.5480
 2021-04-06,14.5869
 2021-04-01,14.7241
 2021-03-31,14.8369
 2021-03-30,14.9513
 2021-03-29,15.0189
 2021-03-26,15.0113
 2021-03-25,14.9356
 2021-03-24,14.8397
 2021-03-23,14.7908
 2021-03-19,14.6540
 2021-03-18,14.6714
 2021-03-17,14.9236
 2021-03-16,14.8903
 2021-03-15,14.9158
 2021-03-12,14.9757
 2021-03-11,14.9144
 2021-03-10,15.2572
 2021-03-09,15.3740
 2021-03-08,15.4360
 2021-03-05,15.3047
 2021-03-04,15.0735
 2021-03-03,14.8663
 2021-03-02,15.0343
 2021-03-01,15.0894
 2021-02-26,14.8367
 2021-02-25,14.6259
 2021-02-24,14.5815
 2021-02-23,14.6818
 2021-02-22,14.8032
 2021-02-19,14.5616
 2021-02-18,14.6559
 2021-02-17,14.7137
 2021-02-16,14.4646
 2021-02-15,14.4402
 2021-02-12,14.6610
 2021-02-11,14.6967
 2021-02-10,14.6843
 2021-02-09,14.8437
 2021-02-08,14.9038
 2021-02-05,14.9266
 2021-02-04,14.9607
 2021-02-03,14.9348
 2021-02-02,14.9399
 2021-02-01,15.0809
 2021-01-29,15.1903
 2021-01-28,15.3363
 2021-01-27,15.0916
 2021-01-26,15.3233
 2021-01-25,15.1699
 2021-01-22,15.0771
 2021-01-21,14.8620
 2021-01-20,14.8821
 2021-01-19,15.0850
 2021-01-18,15.2651
 2021-01-15,15.1810
 2021-01-14,15.1857
 2021-01-13,15.2618
 2021-01-12,15.4843
 2021-01-11,15.4559
 2021-01-08,15.3661
 2021-01-07,15.0690
 2021-01-06,14.9784
 2021-01-05,14.7517
 2021-01-04,14.5626
 2020-12-31,14.6246
 2020-12-30,14.6446
 2020-12-29,14.6334
 2020-12-28,14.5759
 2020-12-24,14.5957
 2020-12-23,14.5893
 2020-12-22,14.6262
 2020-12-21,14.8079
 2020-12-18,14.6437
 2020-12-17,14.7523
 2020-12-15,14.9929
 2020-12-14,15.0020
 2020-12-11,15.1380
 2020-12-10,14.9509
 2020-12-09,14.9580
 2020-12-08,15.1246
 2020-12-07,15.2472
 2020-12-04,15.1937
 2020-12-03,15.3268
 2020-12-02,15.3180
 2020-12-01,15.3842
 2020-11-30,15.2823
 2020-11-27,15.1929
 2020-11-26,15.1518
 2020-11-25,15.1329
 2020-11-24,15.3250
 2020-11-23,15.3124
 2020-11-20,15.4251
 2020-11-19,15.5312
 2020-11-18,15.3185
 2020-11-17,15.3500
 2020-11-16,15.4406
 2020-11-13,15.6216
 2020-11-12,15.6710
 2020-11-11,15.6208
 2020-11-10,15.4308
 2020-11-09,15.5849
 2020-11-06,15.7343
 2020-11-05,15.8452
 2020-11-04,16.3127
 2020-11-03,16.0853
 2020-11-02,16.3007
 2020-10-30,16.3246
 2020-10-29,16.4177
 2020-10-28,16.3194
 2020-10-27,16.2141
 2020-10-26,16.3099
 2020-10-23,16.1907
 2020-10-22,16.2736
 2020-10-21,16.4229
 2020-10-20,16.4932
 2020-10-19,16.4799
 2020-10-16,16.5529
 2020-10-15,16.6568
 2020-10-14,16.5103
 2020-10-13,16.5167
 2020-10-12,16.4855
 2020-10-09,16.4729
 2020-10-08,16.6029
 2020-10-07,16.5829
 2020-10-06,16.6567
 2020-10-05,16.4131
 2020-10-02,16.6863
 2020-10-01,16.5929
 2020-09-30,16.9231
 2020-09-29,17.1607
 2020-09-28,17.1782
 2020-09-25,16.8591
 2020-09-23,16.9708
 2020-09-22,16.8537
 2020-09-21,16.5242
 2020-09-18,16.1366
 2020-09-17,16.3537
 2020-09-16,16.3607
 2020-09-15,16.6255
 2020-09-14,16.6146
 2020-09-11,16.7538
 2020-09-10,16.6634
 2020-09-09,16.8338
 2020-09-08,16.8259
 2020-09-07,16.6242
 2020-09-04,16.6546
 2020-09-03,16.7588
 2020-09-02,16.7199
 2020-09-01,16.7129
 2020-08-31,16.6816
 2020-08-28,16.8420
 2020-08-27,16.8399
 2020-08-26,16.8118
 2020-08-25,16.8734
 2020-08-24,17.0129
 2020-08-21,17.2937
 2020-08-20,17.3246
 2020-08-19,17.2529
 2020-08-18,17.4446
 2020-08-17,17.4046
 2020-08-14,17.4595
 2020-08-13,17.4791
 2020-08-12,17.4808
 2020-08-11,17.5549
 2020-08-07,17.6467
 2020-08-06,17.5029
 2020-08-05,17.3467
 2020-08-04,17.2558
 2020-08-03,17.2005
 2020-07-31,16.8821
 2020-07-30,16.7816
 2020-07-29,16.4216
 2020-07-28,16.4625
 2020-07-27,16.5496
 2020-07-24,16.7403
 2020-07-23,16.4650
 2020-07-22,16.5068
 2020-07-21,16.5935
 2020-07-20,16.7257
 2020-07-17,16.7276
 2020-07-16,16.6835
 2020-07-15,16.6160
 2020-07-14,16.8549
 2020-07-13,16.7823
 2020-07-10,16.8708
 2020-07-09,16.8333
 2020-07-08,17.0817
 2020-07-07,17.1183
 2020-07-06,16.9738
 2020-07-03,16.9659
 2020-07-02,16.9107
 2020-07-01,17.2591
 2020-06-30,17.3312
 2020-06-29,17.2867
 2020-06-26,17.2295
 2020-06-25,17.4021
 2020-06-24,17.3211
 2020-06-23,17.2399
 2020-06-22,17.4180
 2020-06-19,17.4110
 2020-06-18,17.2330
 2020-06-17,17.1313
 2020-06-15,17.2408
 2020-06-12,17.0858
 2020-06-11,16.6296
 2020-06-10,16.5799
 2020-06-09,16.8820
 2020-06-08,16.7474
 2020-06-05,16.8481
 2020-06-04,17.0257
 2020-06-03,17.0333
 2020-06-02,17.3131
 2020-06-01,17.4901
 2020-05-29,17.5479
 2020-05-28,17.4648
 2020-05-27,17.4744
 2020-05-26,17.4267
 2020-05-25,17.6405
 2020-05-22,17.8171
 2020-05-21,17.9426
 2020-05-20,18.1355
 2020-05-19,18.2914
 2020-05-18,18.4810
 2020-05-15,18.5111
 2020-05-14,18.5730
 2020-05-13,18.4124
 2020-05-12,18.4294
 2020-05-11,18.3212
 2020-05-08,18.4869
 2020-05-07,18.5817
 2020-05-06,18.4852
 2020-05-05,18.2800
 2020-05-04,18.7516
 2020-04-30,18.0589
 2020-04-29,18.4869
 2020-04-28,18.6678
 2020-04-24,19.0722
 2020-04-23,19.0243
 2020-04-22,18.8829
 2020-04-21,19.0549
 2020-04-20,18.9305
 2020-04-17,18.8159
 2020-04-16,18.5972
 2020-04-15,18.6243
 2020-04-14,18.0303
 2020-04-09,18.0868
 2020-04-08,18.4033
 2020-04-07,18.3207
 2020-04-06,19.0768
 2020-04-03,18.7096
 2020-04-02,18.2113
 2020-04-01,18.0283
 2020-03-31,17.9822
 2020-03-30,17.8226
 2020-03-27,17.5046
 2020-03-26,17.4915
 2020-03-25,17.3437
 2020-03-24,17.7233
 2020-03-23,17.8108
 2020-03-20,17.1939
 2020-03-19,17.3757
 2020-03-18,16.7717
 2020-03-17,16.5498
 2020-03-16,16.6289
 2020-03-13,16.3201
 2020-03-12,16.4264
 2020-03-11,16.0714
 2020-03-10,15.9082
 2020-03-09,16.1815
 2020-03-06,15.5874
 2020-03-05,15.3336
 2020-03-04,15.3659
 2020-03-03,15.5337
 2020-03-02,15.5255
 2020-02-28,15.6171
 2020-02-27,15.2974
 2020-02-26,15.2421
 2020-02-25,15.0972
 2020-02-24,15.1622
 2020-02-21,15.1746
 2020-02-20,15.1279
 2020-02-19,14.9530
 2020-02-18,15.0430
 2020-02-17,14.8726
 2020-02-14,14.8601
 2020-02-13,14.9328
 2020-02-12,14.7639
 2020-02-11,14.8940
 2020-02-10,15.0239
 2020-02-07,14.9915
 2020-02-06,14.7652
 2020-02-05,14.7974
 2020-02-04,14.7731
 2020-02-03,14.9742
 2020-01-31,14.8455
 2020-01-30,14.6841
 2020-01-29,14.5661
 2020-01-28,14.6031
 2020-01-27,14.5207
 2020-01-24,14.3595
 2020-01-23,14.3017
 2020-01-22,14.4858
 2020-01-21,14.5690
 2020-01-20,14.5289
 2020-01-17,14.3698
 2020-01-16,14.3822
 2020-01-15,14.4073
 2020-01-14,14.4688
 2020-01-13,14.3475
 2020-01-10,14.2363
 2020-01-09,14.1313
 2020-01-08,14.2698
 2020-01-07,14.1799
 2020-01-06,14.3193
 2020-01-03,14.2243
 2020-01-02,13.9923
 2019-12-31,14.0418
 2019-12-30,13.9709
 2019-12-27,14.1058
 2019-12-24,14.2009
 2019-12-23,14.2591
 2019-12-20,14.2105
 2019-12-19,14.3126
 2019-12-18,14.4242
 2019-12-17,14.4840
 2019-12-13,14.5008
 2019-12-12,14.6747
 2019-12-11,14.7509
 2019-12-10,14.6624
 2019-12-09,14.6524
 2019-12-06,14.6419
 2019-12-05,14.5918
 2019-12-04,14.6129
 2019-12-03,14.5691
 2019-12-02,14.6861
 2019-11-29,14.6955
 2019-11-28,14.7837
 2019-11-27,14.7620
 2019-11-26,14.8174
 2019-11-25,14.6994
 2019-11-22,14.5949
 2019-11-21,14.7526
 2019-11-20,14.8254
 2019-11-19,14.7539
 2019-11-18,14.7425
 2019-11-15,14.7850
 2019-11-14,14.9450
 2019-11-13,14.9449
 2019-11-12,14.8794
 2019-11-11,14.9281
 2019-11-08,14.7749
 2019-11-07,14.7737
 2019-11-06,14.7845
 2019-11-05,14.7391
 2019-11-04,14.8356
 2019-11-01,15.0719
 2019-10-31,15.0823
 2019-10-30,14.6283
 2019-10-29,14.5509
 2019-10-28,14.5531
 2019-10-25,14.6299
 2019-10-24,14.6354
 2019-10-23,14.6475
 2019-10-22,14.7396
 2019-10-21,14.7532
 2019-10-18,14.7875
 2019-10-17,14.8467
 2019-10-16,15.0037
 2019-10-15,14.8059
 2019-10-14,14.8136
 2019-10-11,14.9319
 2019-10-10,15.1102
 2019-10-09,15.2138
 2019-10-08,15.1579
 2019-10-07,15.1291
 2019-10-04,15.1643
 2019-10-03,15.1585
 2019-10-02,15.3802
 2019-10-01,15.2187
 2019-09-30,15.1971
 2019-09-27,15.0710
 2019-09-26,15.0776
 2019-09-25,14.9890
 2019-09-23,14.9592
 2019-09-20,14.7992
 2019-09-19,14.6649
 2019-09-18,14.6349
 2019-09-17,14.7536
 2019-09-16,14.6588
 2019-09-13,14.5560
 2019-09-12,14.6038
 2019-09-11,14.7060
 2019-09-10,14.7249
 2019-09-09,14.7774
 2019-09-06,14.7806
 2019-09-05,14.7532
 2019-09-04,14.9383
 2019-09-03,15.2256
 2019-09-02,15.1542
 2019-08-30,15.2324
 2019-08-29,15.3438
 2019-08-28,15.2839
 2019-08-27,15.3210
 2019-08-26,15.2849
 2019-08-23,15.1411
 2019-08-22,15.2261
 2019-08-21,15.2346
 2019-08-20,15.3949
 2019-08-19,15.3793
 2019-08-16,15.1825
 2019-08-15,15.2838
 2019-08-14,15.1626
 2019-08-13,15.3524
 2019-08-12,15.4120
 2019-08-08,15.0611
 2019-08-07,14.8924
 2019-08-06,14.7886
 2019-08-05,14.9185
 2019-08-02,14.7089
 2019-08-01,14.4699
 2019-07-31,14.1784
 2019-07-30,14.2011
 2019-07-29,14.2762
 2019-07-26,14.1524
 2019-07-25,13.9542
 2019-07-24,13.9326
 2019-07-23,13.8933
 2019-07-22,13.9225
 2019-07-19,13.8574
 2019-07-18,13.9938
 2019-07-17,13.9769
 2019-07-16,13.8849
 2019-07-15,13.8938
 2019-07-12,13.9174
 2019-07-11,13.9502
 2019-07-10,14.1986
 2019-07-09,14.2060
 2019-07-08,14.1829
 2019-07-05,14.0877
 2019-07-04,13.9942
 2019-07-03,14.1303
 2019-07-02,14.2069
 2019-07-01,14.1074
 2019-06-28,14.1487
 2019-06-27,14.1846
 2019-06-26,14.3285
 2019-06-25,14.3015
 2019-06-24,14.2710
 2019-06-21,14.4013
 2019-06-20,14.2252
 2019-06-19,14.5187
 2019-06-18,14.6827
 2019-06-14,14.8474
 2019-06-13,14.8449
 2019-06-12,14.7488
 2019-06-11,14.7474
 2019-06-10,14.8669
 2019-06-07,15.1165
 2019-06-06,14.8874
 2019-06-05,14.7427
 2019-06-04,14.4255
 2019-06-03,14.5738
 2019-05-31,14.7581
 2019-05-30,14.6307
 2019-05-29,14.8641
 2019-05-28,14.5746
 2019-05-27,14.4258
 2019-05-24,14.4264
 2019-05-23,14.4599
 2019-05-22,14.3649
 2019-05-21,14.4655
 2019-05-20,14.3674
 2019-05-17,14.3363
 2019-05-16,14.2010
 2019-05-15,14.2384
 2019-05-14,14.2540
 2019-05-13,14.2849
 2019-05-10,14.2549
 2019-05-09,14.3995
 2019-05-07,14.4626
 2019-05-06,14.4702
 2019-05-03,14.5492
 2019-05-02,14.4268
 2019-04-30,14.3319
 2019-04-29,14.3278
 2019-04-26,14.3816
 2019-04-25,14.4946
 2019-04-24,14.3474
 2019-04-23,14.2165
 2019-04-18,14.0699
 2019-04-17,13.9475
 2019-04-16,14.0435
 2019-04-15,13.9349
 2019-04-12,13.9581
 2019-04-11,13.9210
 2019-04-10,14.0288
 2019-04-09,14.0610
 2019-04-08,14.1405
 2019-04-05,14.1024
 2019-04-04,14.1910
 2019-04-03,14.1396
 2019-04-02,14.2112
 2019-04-01,14.2747
 2019-03-29,14.5968
 2019-03-28,14.6804
 2019-03-27,14.4669
 2019-03-26,14.3838
 2019-03-25,14.4810
 2019-03-22,14.3451
 2019-03-20,14.4850
 2019-03-19,14.4188
 2019-03-18,14.4311
 2019-03-15,14.4415
 2019-03-14,14.4460
 2019-03-13,14.3633
 2019-03-12,14.2649
 2019-03-11,14.3446
 2019-03-08,14.5496
 2019-03-07,14.2824
 2019-03-06,14.1935
 2019-03-05,14.1902
 2019-03-04,14.2190
 2019-03-01,14.1054
 2019-02-28,13.9532
 2019-02-27,13.8394
 2019-02-26,13.8585
 2019-02-25,13.8482
 2019-02-22,13.9843
 2019-02-21,13.9085
 2019-02-20,14.1018
 2019-02-19,14.1699
 2019-02-18,14.1031
 2019-02-15,14.1863
 2019-02-14,14.1574
 2019-02-13,13.7560
 2019-02-12,13.7721
 2019-02-11,13.6242
 2019-02-08,13.6505
 2019-02-07,13.5913
 2019-02-06,13.4499
 2019-02-05,13.4101
 2019-02-04,13.3568
 2019-02-01,13.2966
 2019-01-31,13.3249
 2019-01-30,13.5932
 2019-01-29,13.7068
 2019-01-28,13.6400
 2019-01-25,13.6823
 2019-01-24,13.7956
 2019-01-23,13.9190
 2019-01-22,13.9176
 2019-01-21,13.8848
 2019-01-18,13.7631
 2019-01-17,13.7387
 2019-01-16,13.7070
 2019-01-15,13.8220
 2019-01-14,13.9269
 2019-01-11,13.8401
 2019-01-10,13.8630
 2019-01-09,13.9507
 2019-01-08,13.9699
 2019-01-07,13.9272
 2019-01-04,14.1551
 2019-01-03,14.4870
 2019-01-02,14.4348
 2018-12-31,14.4116
 2018-12-28,14.4371
 2018-12-27,14.4695
 2018-12-24,14.5446
 2018-12-21,14.3181
 2018-12-20,14.3409
 2018-12-19,14.2786
 2018-12-18,14.2545
 2018-12-14,14.3498
 2018-12-13,14.0873
 2018-12-12,14.2702
 2018-12-11,14.4480
 2018-12-10,14.1273
 2018-12-07,14.0623
 2018-12-06,13.8947
 2018-12-05,13.7823
 2018-12-04,13.6431
 2018-12-03,13.5923
 2018-11-30,13.7147
 2018-11-29,13.6523
 2018-11-28,13.9723
 2018-11-27,13.8645
 2018-11-26,13.7579
 2018-11-23,13.7876
 2018-11-22,13.9310
 2018-11-21,14.0324
 2018-11-20,14.0135
 2018-11-19,13.9304
 2018-11-16,14.1681
 2018-11-15,14.2479
 2018-11-14,14.3977
 2018-11-13,14.4033
 2018-11-12,14.3890
 2018-11-09,14.2802
 2018-11-08,13.9353
 2018-11-07,14.0058
 2018-11-06,14.2160
 2018-11-05,14.3874
 2018-11-02,14.3016
 2018-11-01,14.6199
 2018-10-31,14.6506
 2018-10-30,14.6333
 2018-10-29,14.5506
 2018-10-26,14.6560
 2018-10-25,14.5470
 2018-10-24,14.2548
 2018-10-23,14.3722
 2018-10-22,14.3249
 2018-10-19,14.4162
 2018-10-18,14.2116
 2018-10-17,14.2353
 2018-10-16,14.2974
 2018-10-15,14.4741
 2018-10-12,14.4774
 2018-10-11,14.6587
 2018-10-10,14.6266
 2018-10-09,14.8600
 2018-10-08,14.9374
 2018-10-05,14.7946
 2018-10-04,14.7287
 2018-10-03,14.3426
 2018-10-02,14.3202
 2018-10-01,14.1090
 2018-09-28,14.1581
 2018-09-27,14.1595
 2018-09-26,14.2923
 2018-09-25,14.4062
 2018-09-21,14.2430
 2018-09-20,14.4579
 2018-09-19,14.7379
 2018-09-18,14.9040
 2018-09-17,14.9919
 2018-09-14,14.7924
 2018-09-13,14.8524
 2018-09-12,15.0289
 2018-09-11,15.0510
 2018-09-10,15.1600
 2018-09-07,15.1412
 2018-09-06,15.3164
 2018-09-05,15.5487
 2018-09-04,15.0512
 2018-09-03,14.7238
 2018-08-31,14.6545
 2018-08-30,14.5954
 2018-08-29,14.3791
 2018-08-28,14.1545
 2018-08-27,14.2986
 2018-08-24,14.3141
 2018-08-23,14.3578
 2018-08-22,14.4359
 2018-08-21,14.3838
 2018-08-20,14.4698
 2018-08-17,14.7038
 2018-08-16,14.4624
 2018-08-15,14.3246
 2018-08-14,14.2920
 2018-08-13,14.4797
 2018-08-10,13.9231
 2018-08-08,13.3258
 2018-08-07,13.3375
 2018-08-06,13.3860
 2018-08-03,13.4584
 2018-08-02,13.3216
 2018-08-01,13.2809
 2018-07-31,13.1591
 2018-07-30,13.1967
 2018-07-27,13.2126
 2018-07-26,13.1899
 2018-07-25,13.2486
 2018-07-24,13.4718
 2018-07-23,13.5361
 2018-07-20,13.4712
 2018-07-19,13.4013
 2018-07-18,13.2873
 2018-07-17,13.2592
 2018-07-16,13.2485
 2018-07-13,13.3321
 2018-07-12,13.4810
 2018-07-11,13.4334
 2018-07-10,13.3937
 2018-07-09,13.4163
 2018-07-06,13.5396
 2018-07-05,13.6922
 2018-07-04,13.7110
 2018-07-03,13.7410
 2018-07-02,13.7497
 2018-06-29,13.7432
 2018-06-28,13.8162
 2018-06-27,13.6214
 2018-06-26,13.5330
 2018-06-25,13.4609
 2018-06-22,13.5607
 2018-06-21,13.7081
 2018-06-20,13.6965
 2018-06-19,13.8802
 2018-06-18,13.4661
 2018-06-15,13.3907
 2018-06-14,13.1803
 2018-06-13,13.3752
 2018-06-12,13.1821
 2018-06-11,13.0899
 2018-06-08,13.2609
 2018-06-07,12.7019
 2018-06-06,12.8058
 2018-06-05,12.5494
 2018-06-04,12.5824
 2018-06-01,12.6638
 2018-05-31,12.4805
 2018-05-30,12.5843
 2018-05-29,12.6205
 2018-05-28,12.4460
 2018-05-25,12.4702
 2018-05-24,12.4318
 2018-05-23,12.6438
 2018-05-22,12.5477
 2018-05-21,12.8058
 2018-05-18,12.5732
 2018-05-17,12.4682
 2018-05-16,12.5535
 2018-05-15,12.4074
 2018-05-14,12.2416
 2018-05-11,12.3146
 2018-05-10,12.4674
 2018-05-09,12.6397
 2018-05-08,12.5770
 2018-05-07,12.5266
 2018-05-04,12.6450
 2018-05-03,12.6222
 2018-05-02,12.6052
 2018-04-30,12.3651
 2018-04-26,12.3938
 2018-04-25,12.4260
 2018-04-24,12.3029
 2018-04-23,12.2311
 2018-04-20,11.9969
 2018-04-19,11.9429
 2018-04-18,12.0029
 2018-04-17,12.0305
 2018-04-16,12.0609
 2018-04-13,12.0478
 2018-04-12,11.9932
 2018-04-11,12.0429
 2018-04-10,12.1081
 2018-04-09,12.0349
 2018-04-06,12.0635
 2018-04-05,11.9202
 2018-04-04,11.8640
 2018-04-03,11.8154
 2018-03-29,11.8128
 2018-03-28,11.6886
 2018-03-27,11.6627
 2018-03-26,11.6360
 2018-03-23,11.7932
 2018-03-22,11.7855
 2018-03-20,12.0042
 2018-03-19,12.0635
 2018-03-16,11.9285
 2018-03-15,11.8138
 2018-03-14,11.7579
 2018-03-13,11.8370
 2018-03-12,11.8087
 2018-03-09,11.9021
 2018-03-08,11.8974
 2018-03-07,11.8199
 2018-03-06,11.8346
 2018-03-05,11.9714
 2018-03-02,11.8574
 2018-03-01,11.8545
 2018-02-28,11.7735
 2018-02-27,11.5770
 2018-02-26,11.5604
 2018-02-23,11.6382
 2018-02-22,11.7177
 2018-02-21,11.7154
 2018-02-20,11.7160
 2018-02-19,11.6655
 2018-02-16,11.6155
 2018-02-15,11.6650
 2018-02-14,11.8674
 2018-02-13,11.9255
 2018-02-12,11.9721
 2018-02-09,12.0832
 2018-02-08,12.0852
 2018-02-07,11.9469
 2018-02-06,12.0987
 2018-02-05,12.0416
 2018-02-02,11.9532
 2018-02-01,11.8740
 2018-01-31,11.8753
 2018-01-30,12.0271
 2018-01-29,11.9336
 2018-01-26,11.8483
 2018-01-25,11.9288
 2018-01-24,11.9960
 2018-01-23,12.1146
 2018-01-22,12.0524
 2018-01-19,12.1518
 2018-01-18,12.2445
 2018-01-17,12.3055
 2018-01-16,12.2532
 2018-01-15,12.3682
 2018-01-12,12.4182
 2018-01-11,12.4626
 2018-01-10,12.3840
 2018-01-09,12.4230
 2018-01-08,12.3946
 2018-01-05,12.3477
 2018-01-04,12.3018
 2018-01-03,12.3954
 2018-01-02,12.3330
 2017-12-29,12.2940
 2017-12-28,12.2566
 2017-12-27,12.4921
 2017-12-22,12.7144
 2017-12-21,12.7682
 2017-12-20,12.7063
 2017-12-19,12.7394
 2017-12-18,13.0693
 2017-12-15,13.4802
 2017-12-14,13.4695
 2017-12-13,13.6267
 2017-12-12,13.6146
 2017-12-11,13.6608
 2017-12-08,13.6988
 2017-12-07,13.5954
 2017-12-06,13.4916
 2017-12-05,13.5186
 2017-12-04,13.7535
 2017-12-01,13.6687
 2017-11-30,13.6423
 2017-11-29,13.6385
 2017-11-28,13.7380
 2017-11-27,14.0130
 2017-11-24,13.9383
 2017-11-23,13.8496
 2017-11-22,13.8975
 2017-11-21,14.1012
 2017-11-20,14.0419
 2017-11-17,14.2125
 2017-11-16,14.3315
 2017-11-15,14.3449
 2017-11-14,14.4606
 2017-11-13,14.4217
 2017-11-10,14.2788
 2017-11-09,14.1496
 2017-11-08,14.1580
 2017-11-07,14.1763
 2017-11-06,14.2307
 2017-11-03,14.0711
 2017-11-02,13.9794
 2017-11-01,14.1251
 2017-10-31,14.0524
 2017-10-30,14.0952
 2017-10-27,14.2799
 2017-10-26,14.1810
 2017-10-25,13.6611
 2017-10-24,13.6619
 2017-10-23,13.6810
 2017-10-20,13.6213
 2017-10-19,13.5283
 2017-10-18,13.4424
 2017-10-17,13.3224
 2017-10-16,13.3063
 2017-10-13,13.3902
 2017-10-12,13.4722
 2017-10-11,13.5912
 2017-10-10,13.7365
 2017-10-09,13.7891
 2017-10-06,13.6944
 2017-10-05,13.5927
 2017-10-04,13.5947
 2017-10-03,13.6485
 2017-10-02,13.6246
 2017-09-29,13.4943
 2017-09-28,13.6071
 2017-09-27,13.4660
 2017-09-26,13.2977
 2017-09-22,13.1908
 2017-09-21,13.3476
 2017-09-20,13.2923
 2017-09-19,13.3274
 2017-09-18,13.2024
 2017-09-15,13.1399
 2017-09-14,13.1293
 2017-09-13,13.0443
 2017-09-12,12.9233
 2017-09-11,12.8736
 2017-09-08,12.8247
 2017-09-07,12.8128
 2017-09-06,12.9216
 2017-09-05,12.9677
 2017-09-04,12.9535
 2017-09-01,12.9576
 2017-08-31,13.0274
 2017-08-30,13.0285
 2017-08-29,13.0524
 2017-08-28,13.0521
 2017-08-25,13.1516
 2017-08-24,13.1991
 2017-08-23,13.2366
 2017-08-22,13.1933
 2017-08-21,13.2058
 2017-08-18,13.2385
 2017-08-17,13.1752
 2017-08-16,13.2668
 2017-08-15,13.3194
 2017-08-14,13.3532
 2017-08-11,13.4937
 2017-08-10,13.3931
 2017-08-08,13.2272
 2017-08-07,13.3987
 2017-08-04,13.3518
 2017-08-03,13.2676
 2017-08-02,13.2812
 2017-08-01,13.1918
 2017-07-31,13.0480
 2017-07-28,13.0274
 2017-07-27,12.9136
 2017-07-26,13.0458
 2017-07-25,12.9774
 2017-07-24,12.9432
 2017-07-21,12.9787
 2017-07-20,12.9727
 2017-07-19,12.9482
 2017-07-18,12.9288
 2017-07-17,12.9949
 2017-07-14,13.1788
 2017-07-13,13.2154
 2017-07-12,13.4866
 2017-07-11,13.5996
 2017-07-10,13.3350
 2017-07-07,13.4716
 2017-07-06,13.3822
 2017-07-05,13.2391
 2017-07-04,13.1819
 2017-07-03,13.0921
 2017-06-30,13.0817
 2017-06-29,12.9507
 2017-06-28,13.0093
 2017-06-27,12.8429
 2017-06-26,12.8696
 2017-06-23,12.9279
 2017-06-22,12.9729
 2017-06-21,13.1058
 2017-06-20,12.9943
 2017-06-19,12.8050
 2017-06-15,12.7054
 2017-06-14,12.7685
 2017-06-13,12.7947
 2017-06-12,12.8987
 2017-06-09,12.9313
 2017-06-08,12.8532
 2017-06-07,12.8470
 2017-06-06,12.7677
 2017-06-05,12.7078
 2017-06-02,12.9424
 2017-06-01,13.0679
 2017-05-31,13.0941
 2017-05-30,13.0161
 2017-05-29,12.9393
 2017-05-26,12.9424
 2017-05-25,12.9086
 2017-05-24,13.0254
 2017-05-23,13.2763
 2017-05-22,13.2165
 2017-05-19,13.2874
 2017-05-18,13.3886
 2017-05-17,13.1468
 2017-05-16,13.1097
 2017-05-15,13.2840
 2017-05-12,13.4094
 2017-05-11,13.3984
 2017-05-10,13.5624
 2017-05-09,13.6653
 2017-05-08,13.5031
 2017-05-05,13.6480
 2017-05-04,13.5163
 2017-05-03,13.3571
 2017-05-02,13.2827
 2017-04-28,13.3066
 2017-04-26,13.1277
 2017-04-25,13.0596
 2017-04-24,12.9132
 2017-04-21,13.1604
 2017-04-20,13.1969
 2017-04-19,13.3732
 2017-04-18,13.3608
 2017-04-13,13.4965
 2017-04-12,13.7660
 2017-04-11,13.8796
 2017-04-10,13.9065
 2017-04-07,13.7402
 2017-04-06,13.7463
 2017-04-05,13.6152
 2017-04-04,13.8158
 2017-04-03,13.5770
 2017-03-31,13.4599
 2017-03-30,12.9542
 2017-03-29,13.0674
 2017-03-28,12.8447
 2017-03-27,12.3576
 2017-03-24,12.4908
 2017-03-23,12.5544
 2017-03-22,12.6632
 2017-03-20,12.6549
 2017-03-17,12.7665
 2017-03-16,12.7461
 2017-03-15,13.1023
 2017-03-14,13.2302
 2017-03-13,13.1239
 2017-03-10,13.3060
 2017-03-09,13.2168
 2017-03-08,12.9887
 2017-03-07,12.9609
 2017-03-06,13.0037
 2017-03-03,13.1260
 2017-03-02,13.0582
 2017-03-01,13.0927
 2017-02-28,13.0141
 2017-02-27,12.9714
 2017-02-24,12.9128
 2017-02-23,12.9296
 2017-02-22,13.0777
 2017-02-21,13.1186
 2017-02-20,13.1577
 2017-02-17,13.0135
 2017-02-16,12.9258
 2017-02-15,13.0132
 2017-02-14,13.2302
 2017-02-13,13.2968
 2017-02-10,13.3847
 2017-02-09,13.4410
 2017-02-08,13.4933
 2017-02-07,13.4227
 2017-02-06,13.2932
 2017-02-03,13.4353
 2017-02-02,13.3507
 2017-02-01,13.4899
 2017-01-31,13.5219
 2017-01-30,13.6344
 2017-01-27,13.4688
 2017-01-26,13.2268
 2017-01-25,13.3469
 2017-01-24,13.4647
 2017-01-23,13.5322
 2017-01-20,13.5193
 2017-01-19,13.5735
 2017-01-18,13.5229
 2017-01-17,13.4952
 2017-01-16,13.6035
 2017-01-13,13.5366
 2017-01-12,13.6166
 2017-01-11,13.7096
 2017-01-10,13.6318
 2017-01-09,13.7373
 2017-01-06,13.6854
 2017-01-05,13.5763
 2017-01-04,13.7164
 2017-01-03,13.7254
 2016-12-30,13.6282
 2016-12-29,13.7374
 2016-12-28,13.9404
 2016-12-23,14.0217
 2016-12-22,13.9726
 2016-12-21,13.9685
 2016-12-20,14.1177
 2016-12-19,13.9821
 2016-12-15,14.0357
 2016-12-14,13.6215
 2016-12-13,13.5938
 2016-12-12,13.8455
 2016-12-09,13.7352
 2016-12-08,13.5266
 2016-12-07,13.6527
 2016-12-06,13.6930
 2016-12-05,13.8069
 2016-12-02,14.0696
 2016-12-01,13.9822
 2016-11-30,13.9918
 2016-11-29,13.8499
 2016-11-28,13.8572
 2016-11-25,14.0599
 2016-11-24,14.2163
 2016-11-23,14.0987
 2016-11-22,14.1399
 2016-11-21,14.3638
 2016-11-18,14.5491
 2016-11-17,14.2963
 2016-11-16,14.2208
 2016-11-15,14.1777
 2016-11-14,14.4540
 2016-11-11,14.2372
 2016-11-10,13.3743
 2016-11-09,13.5135
 2016-11-08,13.4174
 2016-11-07,13.5353
 2016-11-04,13.5043
 2016-11-03,13.4762
 2016-11-02,13.4860
 2016-11-01,13.5033
 2016-10-31,13.7383
 2016-10-28,13.9372
 2016-10-27,13.8906
 2016-10-26,13.7222
 2016-10-25,13.8599
 2016-10-24,13.8812
 2016-10-21,14.0436
 2016-10-20,13.9203
 2016-10-19,13.9000
 2016-10-18,14.0369
 2016-10-17,14.3507
 2016-10-14,14.2449
 2016-10-13,14.3599
 2016-10-12,14.4137
 2016-10-11,14.1472
 2016-10-10,13.7818
 2016-10-07,13.9200
 2016-10-06,13.7536
 2016-10-05,13.7419
 2016-10-04,13.6163
 2016-10-03,13.6339
 2016-09-30,13.9679
 2016-09-29,13.6613
 2016-09-28,13.4590
 2016-09-27,13.5643
 2016-09-26,13.6960
 2016-09-23,13.5960
 2016-09-22,13.4265
 2016-09-21,13.7783
 2016-09-20,13.9122
 2016-09-19,14.1177
 2016-09-16,14.1289
 2016-09-15,14.3549
 2016-09-14,14.3289
 2016-09-13,14.2779
 2016-09-12,14.5416
 2016-09-09,14.2696
 2016-09-08,13.9718
 2016-09-07,14.0174
 2016-09-06,14.2719
 2016-09-05,14.3902
 2016-09-02,14.6663
 2016-09-01,14.6482
 2016-08-31,14.4331
 2016-08-30,14.3969
 2016-08-29,14.4271
 2016-08-26,14.1810
 2016-08-25,14.1437
 2016-08-24,14.0297
 2016-08-23,13.4470
 2016-08-22,13.6194
 2016-08-19,13.5118
 2016-08-18,13.2748
 2016-08-17,13.4103
 2016-08-16,13.2747
 2016-08-15,13.4152
 2016-08-12,13.3854
 2016-08-11,13.3455
 2016-08-10,13.3829
 2016-08-08,13.6461
 2016-08-05,13.6935
 2016-08-04,13.8602
 2016-08-02,13.9849
 2016-08-01,13.7940
 2016-07-29,14.1532
 2016-07-28,14.2082
 2016-07-27,14.2897
 2016-07-26,14.3810
 2016-07-25,14.3126
 2016-07-22,14.2208
 2016-07-21,14.2739
 2016-07-20,14.2943
 2016-07-19,14.3062
 2016-07-18,14.3305
 2016-07-15,14.3140
 2016-07-14,14.3514
 2016-07-13,14.4020
 2016-07-12,14.3199
 2016-07-11,14.6031
 2016-07-08,14.7270
 2016-07-07,14.6074
 2016-07-06,14.8785
 2016-07-05,14.7581
 2016-07-04,14.5289
 2016-07-01,14.6830
 2016-06-30,14.7626
 2016-06-29,15.0300
 2016-06-28,15.1829
 2016-06-27,15.1128
 2016-06-24,14.9210
 2016-06-23,14.5034
 2016-06-22,14.7195
 2016-06-21,14.6960
 2016-06-20,14.9341
 2016-06-17,15.1978
 2016-06-15,15.2860
 2016-06-14,15.3610
 2016-06-13,15.1393
 2016-06-10,14.9059
 2016-06-09,14.8478
 2016-06-08,14.9294
 2016-06-07,14.8572
 2016-06-06,15.0746
 2016-06-03,15.5935
 2016-06-02,15.6025
 2016-06-01,15.6539
 2016-05-31,15.8249
 2016-05-30,15.7872
 2016-05-27,15.5415
 2016-05-26,15.5919
 2016-05-25,15.6453
 2016-05-24,15.8081
 2016-05-23,15.5716
 2016-05-20,15.7639
 2016-05-19,15.8446
 2016-05-18,15.8352
 2016-05-17,15.5716
 2016-05-16,15.4464
 2016-05-13,15.1152
 2016-05-12,14.9478
 2016-05-11,15.2598
 2016-05-10,15.2379
 2016-05-09,14.9539
 2016-05-06,15.0107
 2016-05-05,14.8984
 2016-05-04,14.7936
 2016-05-03,14.2811
 2016-04-29,14.2182
 2016-04-28,14.4328
 2016-04-26,14.4917
 2016-04-25,14.4850
 2016-04-22,14.3205
 2016-04-21,14.2697
 2016-04-20,14.2476
 2016-04-19,14.4027
 2016-04-18,14.6705
 2016-04-15,14.4954
 2016-04-14,14.6402
 2016-04-13,14.7577
 2016-04-12,14.6920
 2016-04-11,14.8226
 2016-04-08,15.0808
 2016-04-07,15.1191
 2016-04-06,15.1790
 2016-04-05,14.9157
 2016-04-04,14.7633
 2016-04-01,14.7481
 2016-03-31,14.8820
 2016-03-30,15.0792
 2016-03-29,15.4892
 2016-03-24,15.4052
 2016-03-23,15.2565
 2016-03-22,15.2710
 2016-03-18,15.3048
 2016-03-17,15.6123
 2016-03-16,16.0393
 2016-03-15,15.6404
 2016-03-14,15.3176
 2016-03-11,15.2328
 2016-03-10,15.1746
 2016-03-09,15.4467
 2016-03-08,15.4052
 2016-03-07,15.3372
 2016-03-04,15.6512
 2016-03-03,15.6349
 2016-03-02,15.6700
 2016-03-01,15.6814
 2016-02-29,16.1410
 2016-02-26,15.5424
 2016-02-25,15.6405
 2016-02-24,15.2324
 2016-02-23,15.2497
 2016-02-22,15.3652
 2016-02-19,15.4273
 2016-02-18,15.4909
 2016-02-17,15.8273
 2016-02-16,15.7557
 2016-02-15,15.8054
 2016-02-12,15.7866
 2016-02-11,15.9739
 2016-02-10,15.9104
 2016-02-09,16.1688
 2016-02-08,15.9308
 2016-02-05,15.9154
 2016-02-04,15.9734
 2016-02-03,16.1954
 2016-02-02,15.9763
 2016-02-01,15.9580
 2016-01-29,16.0981
 2016-01-28,16.3249
 2016-01-27,16.4279
 2016-01-26,16.6011
 2016-01-25,16.5150
 2016-01-22,16.5145
 2016-01-21,16.7924
 2016-01-20,16.8927
 2016-01-19,16.6237
 2016-01-18,16.6949
 2016-01-15,16.5924
 2016-01-14,16.6217
 2016-01-13,16.4968
 2016-01-12,16.8822
 2016-01-11,16.6024
 2016-01-08,16.0307
 2016-01-07,16.0472
 2016-01-06,15.7759
 2016-01-05,15.6087
 2016-01-04,15.6393
 2015-12-31,15.5742
 2015-12-30,15.3689
 2015-12-29,15.2775
 2015-12-28,15.2840
 2015-12-24,15.1861
 2015-12-23,15.1817
 2015-12-22,15.0904
 2015-12-21,15.0367
 2015-12-18,15.1983
 2015-12-17,14.9449
 2015-12-15,15.0388
 2015-12-14,15.0795
 2015-12-11,15.4150
 2015-12-10,14.9762
 2015-12-09,14.5743
 2015-12-08,14.5360
 2015-12-07,14.4050
 2015-12-04,14.3721
 2015-12-03,14.3328
 2015-12-02,14.3735
 2015-12-01,14.4132
 2015-11-30,14.3856
 2015-11-27,14.3510
 2015-11-26,14.1930
 2015-11-25,14.0654
 2015-11-24,14.1150
 2015-11-23,14.0462
 2015-11-20,13.9858
 2015-11-19,14.1216
 2015-11-18,14.2497
 2015-11-17,14.3616
 2015-11-16,14.3860
 2015-11-13,14.3095
 2015-11-12,14.1738
 2015-11-11,14.1929
 2015-11-10,14.2610
 2015-11-09,14.1950
 2015-11-06,13.8956
 2015-11-05,13.9346
 2015-11-04,13.8244
 2015-11-03,13.7823
 2015-11-02,13.8104
 2015-10-30,13.8167
 2015-10-29,13.7982
 2015-10-28,13.7029
 2015-10-27,13.7129
 2015-10-26,13.6845
 2015-10-23,13.3861
 2015-10-22,13.5546
 2015-10-21,13.4018
 2015-10-20,13.2276
 2015-10-19,13.0422
 2015-10-16,13.1550
 2015-10-15,13.1644
 2015-10-14,13.4354
 2015-10-13,13.4549
 2015-10-12,13.2917
 2015-10-09,13.3634
 2015-10-08,13.4864
 2015-10-07,13.4249
 2015-10-06,13.6689
 2015-10-05,13.6439
 2015-10-02,13.9086
 2015-10-01,13.7701
 2015-09-30,13.8143
 2015-09-29,14.0139
 2015-09-28,13.8704
 2015-09-25,13.7437
 2015-09-23,13.6940
 2015-09-22,13.5308
 2015-09-21,13.3584
 2015-09-18,13.1917
 2015-09-17,13.3403
 2015-09-16,13.4675
 2015-09-15,13.4180
 2015-09-14,13.5706
 2015-09-11,13.6474
 2015-09-10,13.8453
 2015-09-09,13.6312
 2015-09-08,13.8877
 2015-09-07,13.8937
 2015-09-04,13.6398
 2015-09-03,13.4910
 2015-09-02,13.4807
 2015-09-01,13.2975
 2015-08-31,13.3406
 2015-08-28,13.1934
 2015-08-27,13.0257
 2015-08-26,13.1407
 2015-08-25,13.0908
 2015-08-24,13.2126
 2015-08-21,12.9010
 2015-08-20,12.9727
 2015-08-19,12.8751
 2015-08-18,12.9166
 2015-08-17,12.8763
 2015-08-14,12.8471
 2015-08-13,12.7850
 2015-08-12,12.8195
 2015-08-11,12.7000
 2015-08-07,12.7182
 2015-08-06,12.7576
 2015-08-05,12.7472
 2015-08-04,12.6402
 2015-08-03,12.7316
 2015-07-31,12.7397
 2015-07-30,12.6221
 2015-07-29,12.5755
 2015-07-28,12.6170
 2015-07-27,12.5929
 2015-07-24,12.5028
 2015-07-23,12.4149
 2015-07-22,12.3565
 2015-07-21,12.4077
 2015-07-20,12.4343
 2015-07-17,12.3395
 2015-07-16,12.4108
 2015-07-15,12.3746
 2015-07-14,12.4405
 2015-07-13,12.4565
 2015-07-10,12.4056
 2015-07-09,12.4846
 2015-07-08,12.5421
 2015-07-07,12.4945
 2015-07-06,12.4056
 2015-07-03,12.2956
 2015-07-02,12.3136
 2015-07-01,12.1849
 2015-06-30,12.2406
 2015-06-29,12.2578
 2015-06-26,12.1186
 2015-06-25,12.1146
 2015-06-24,12.1504
 2015-06-23,12.1566
 2015-06-22,12.1688
 2015-06-19,12.2726
 2015-06-18,12.1726
 2015-06-17,12.4413
 2015-06-15,12.4058
 2015-06-12,12.4277
 2015-06-11,12.4132
 2015-06-10,12.3651
 2015-06-09,12.5159
 2015-06-08,12.5740
 2015-06-05,12.4304
 2015-06-04,12.3726
 2015-06-03,12.2206
 2015-06-02,12.2827
 2015-06-01,12.2621
 2015-05-29,12.1545
 2015-05-28,12.0490
 2015-05-27,12.0279
 2015-05-26,11.9952
 2015-05-25,11.9676
 2015-05-22,11.8100
 2015-05-21,11.7952
 2015-05-20,11.9488
 2015-05-19,11.8639
 2015-05-18,11.8381
 2015-05-15,11.7938
 2015-05-14,11.9045
 2015-05-13,11.9679
 2015-05-12,12.1083
 2015-05-11,11.9702
 2015-05-08,12.0174
 2015-05-07,12.0879
 2015-05-06,12.0040
 2015-05-05,12.0664
 2015-05-04,12.0282
 2015-04-30,11.7889
 2015-04-29,11.8390
 2015-04-28,12.0060
 2015-04-24,12.1261
 2015-04-23,12.2750
 2015-04-22,12.1286
 2015-04-21,12.1563
 2015-04-20,12.0030
 2015-04-17,11.9492
 2015-04-16,12.0520
 2015-04-15,12.0940
 2015-04-14,12.1300
 2015-04-13,12.1278
 2015-04-10,11.9798
 2015-04-09,11.8572
 2015-04-08,11.8252
 2015-04-07,11.8365
 2015-04-02,11.9615
 2015-04-01,12.1024
 2015-03-31,12.2020
 2015-03-30,12.0841
 2015-03-27,12.0268
 2015-03-26,11.8448
 2015-03-25,11.7766
 2015-03-24,11.9197
 2015-03-23,12.1328
 2015-03-20,12.2632
 2015-03-19,12.2198
 2015-03-18,12.3700
 2015-03-17,12.3909
 2015-03-16,12.4175
 2015-03-13,12.3327
 2015-03-12,12.1668
 2015-03-11,12.2646
 2015-03-10,12.2063
 2015-03-09,12.0427
 2015-03-06,11.7979
 2015-03-05,11.7980
 2015-03-04,11.7877
 2015-03-03,11.7527
 2015-03-02,11.7144
 2015-02-27,11.5039
 2015-02-26,11.3924
 2015-02-25,11.4346
 2015-02-24,11.6570
 2015-02-23,11.7003
 2015-02-20,11.6422
 2015-02-19,11.5691
 2015-02-18,11.7083
 2015-02-17,11.6562
 2015-02-16,11.6289
 2015-02-13,11.7355
 2015-02-12,11.7872
 2015-02-11,11.7580
 2015-02-10,11.5546
 2015-02-09,11.5354
 2015-02-06,11.2955
 2015-02-05,11.4341
 2015-02-04,11.4170
 2015-02-03,11.5321
 2015-02-02,11.6065
 2015-01-30,11.5517
 2015-01-29,11.6109
 2015-01-28,11.5498
 2015-01-27,11.4698
 2015-01-26,11.4373
 2015-01-23,11.3966
 2015-01-22,11.5398
 2015-01-21,11.5698
 2015-01-20,11.6400
 2015-01-19,11.5660
 2015-01-16,11.5172
 2015-01-15,11.4487
 2015-01-14,11.5953
 2015-01-13,11.4898
 2015-01-12,11.5012
 2015-01-09,11.5898
 2015-01-08,11.6426
 2015-01-07,11.7248
 2015-01-06,11.7264
 2015-01-05,11.7071
 2015-01-02,11.6219
 2014-12-31,11.5719
 2014-12-30,11.6220
 2014-12-29,11.6049
 2014-12-24,11.6497
 2014-12-23,11.5662
 2014-12-22,11.5905
 2014-12-19,11.6101
 2014-12-18,11.5622
 2014-12-17,11.7415
 2014-12-15,11.5652
 2014-12-12,11.5966
 2014-12-11,11.5047
 2014-12-10,11.4868
 2014-12-09,11.5024
 2014-12-08,11.4246
 2014-12-05,11.2156
 2014-12-04,11.1851
 2014-12-03,11.1562
 2014-12-02,11.0345
 2014-12-01,11.1059
 2014-11-28,11.0348
 2014-11-27,10.9649
 2014-11-26,10.9594
 2014-11-25,11.0318
 2014-11-24,10.9584
 2014-11-21,10.9513
 2014-11-20,11.0435
 2014-11-19,11.0196
 2014-11-18,11.0869
 2014-11-17,11.0954
 2014-11-14,11.2169
 2014-11-13,11.1939
 2014-11-12,11.2223
 2014-11-11,11.3157
 2014-11-10,11.2159
 2014-11-07,11.3025
 2014-11-06,11.1415
 2014-11-05,11.1338
 2014-11-04,11.0385
 2014-11-03,11.0665
 2014-10-31,10.8578
 2014-10-30,10.9789
 2014-10-29,10.8364
 2014-10-28,10.9332
 2014-10-27,10.9509
 2014-10-24,10.9692
 2014-10-23,10.9355
 2014-10-22,11.0339
 2014-10-21,10.9876
 2014-10-20,11.0659
 2014-10-17,11.0950
 2014-10-16,11.1518
 2014-10-15,11.0685
 2014-10-14,11.0894
 2014-10-13,11.0470
 2014-10-10,11.1219
 2014-10-09,11.0220
 2014-10-08,11.2101
 2014-10-07,11.2118
 2014-10-06,11.2696
 2014-10-03,11.2138
 2014-10-02,11.1845
 2014-10-01,11.3295
 2014-09-30,11.2416
 2014-09-29,11.2845
 2014-09-26,11.1778
 2014-09-25,11.1736
 2014-09-23,11.1202
 2014-09-22,11.1402
 2014-09-19,11.0708
 2014-09-18,10.9852
 2014-09-17,10.9309
 2014-09-16,10.9399
 2014-09-15,11.0719
 2014-09-12,10.9895
 2014-09-11,10.8367
 2014-09-10,10.9955
 2014-09-09,10.8825
 2014-09-08,10.7625
 2014-09-05,10.7434
 2014-09-04,10.6799
 2014-09-03,10.6919
 2014-09-02,10.6934
 2014-09-01,10.6722
 2014-08-29,10.6038
 2014-08-28,10.6435
 2014-08-27,10.6418
 2014-08-26,10.6879
 2014-08-25,10.6920
 2014-08-22,10.6905
 2014-08-21,10.7064
 2014-08-20,10.6652
 2014-08-19,10.6320
 2014-08-18,10.5909
 2014-08-15,10.5469
 2014-08-14,10.5873
 2014-08-13,10.6268
 2014-08-12,10.6609
 2014-08-11,10.6983
 2014-08-08,10.7889
 2014-08-07,10.7312
 2014-08-06,10.7716
 2014-08-05,10.6295
 2014-08-04,10.6659
 2014-08-01,10.7297
 2014-07-31,10.7058
 2014-07-30,10.6001
 2014-07-29,10.6140
 2014-07-28,10.5317
 2014-07-25,10.5406
 2014-07-24,10.5202
 2014-07-23,10.5214
 2014-07-22,10.6254
 2014-07-21,10.6326
 2014-07-18,10.6972
 2014-07-17,10.6684
 2014-07-16,10.6940
 2014-07-15,10.7074
 2014-07-14,10.7268
 2014-07-11,10.7156
 2014-07-10,10.7058
 2014-07-09,10.6729
 2014-07-08,10.7043
 2014-07-07,10.8215
 2014-07-04,10.7516
 2014-07-03,10.7787
 2014-07-02,10.7059
 2014-07-01,10.6172
 2014-06-30,10.6135
 2014-06-27,10.6177
 2014-06-26,10.6113
 2014-06-25,10.6137
 2014-06-24,10.5625
 2014-06-23,10.6537
 2014-06-20,10.7115
 2014-06-19,10.6188
 2014-06-18,10.7996
 2014-06-17,10.7422
 2014-06-13,10.7379
 2014-06-12,10.7429
 2014-06-11,10.7876
 2014-06-10,10.7058
 2014-06-09,10.5698
 2014-06-06,10.6506
 2014-06-05,10.7430
 2014-06-04,10.7979
 2014-06-03,10.6638
 2014-06-02,10.5829
 2014-05-30,10.4422
 2014-05-29,10.4201
 2014-05-28,10.4906
 2014-05-27,10.4022
 2014-05-26,10.3364
 2014-05-23,10.3489
 2014-05-22,10.3808
 2014-05-21,10.4435
 2014-05-20,10.4459
 2014-05-19,10.3439
 2014-05-16,10.3988
 2014-05-15,10.3248
 2014-05-14,10.2815
 2014-05-13,10.3334
 2014-05-12,10.3528
 2014-05-09,10.3366
 2014-05-08,10.3730
 2014-05-06,10.5228
 2014-05-05,10.4776
 2014-05-02,10.5145
 2014-04-30,10.5525
 2014-04-29,10.5793
 2014-04-25,10.6279
 2014-04-24,10.5933
 2014-04-23,10.5916
 2014-04-22,10.5394
 2014-04-17,10.5257
 2014-04-16,10.5459
 2014-04-15,10.5219
 2014-04-14,10.5622
 2014-04-11,10.4505
 2014-04-10,10.3964
 2014-04-09,10.4359
 2014-04-08,10.4282
 2014-04-07,10.5622
 2014-04-04,10.6495
 2014-04-03,10.6541
 2014-04-02,10.5997
 2014-04-01,10.5794
 2014-03-31,10.5953
 2014-03-28,10.6139
 2014-03-27,10.7219
 2014-03-26,10.7413
 2014-03-25,10.8205
 2014-03-24,10.8516
 2014-03-20,10.8729
 2014-03-19,10.6952
 2014-03-18,10.7722
 2014-03-17,10.6949
 2014-03-14,10.7768
 2014-03-13,10.7771
 2014-03-12,10.9062
 2014-03-11,10.7272
 2014-03-10,10.7354
 2014-03-07,10.6126
 2014-03-06,10.6680
 2014-03-05,10.7554
 2014-03-04,10.8299
 2014-03-03,10.7799
 2014-02-28,10.7175
 2014-02-27,10.8085
 2014-02-26,10.7483
 2014-02-25,10.8308
 2014-02-24,10.9475
 2014-02-21,11.0272
 2014-02-20,11.0848
 2014-02-19,10.9376
 2014-02-18,10.8761
 2014-02-17,10.8524
 2014-02-14,10.9946
 2014-02-13,11.0495
 2014-02-12,10.9492
 2014-02-11,11.1253
 2014-02-10,11.1395
 2014-02-07,11.0410
 2014-02-06,11.1428
 2014-02-05,11.1238
 2014-02-04,11.1804
 2014-02-03,11.1558
 2014-01-31,11.1715
 2014-01-30,11.3573
 2014-01-29,10.9749
 2014-01-28,11.0593
 2014-01-27,11.1939